image_path,min_age
data/to_upload/train_images/3155451946_c0862c70cb.jpg,35
data/to_upload/train_images/3741827382_71e93298d0.jpg,32
data/to_upload/train_images/486712504_36be449055.jpg,31
data/to_upload/train_images/2616643090_4f2d2d1a44.jpg,36
data/to_upload/train_images/2648165716_02e2e74fd6.jpg,32
data/to_upload/train_images/3503689049_63212220be.jpg,29
data/to_upload/train_images/106490881_5a2dd9b7bd.jpg,26
data/to_upload/train_images/2140182410_8e2a06fbda.jpg,34
data/to_upload/train_images/3113322995_13781860f2.jpg,33
data/to_upload/train_images/315880837_90db309bab.jpg,37
data/to_upload/train_images/476233374_e1396998ef.jpg,39
data/to_upload/train_images/3310067561_b92017acab.jpg,31
data/to_upload/train_images/1084040636_97d9633581.jpg,35
data/to_upload/train_images/525863257_053333e612.jpg,34
data/to_upload/train_images/2495931537_9b8d4474b6.jpg,35
data/to_upload/train_images/3028969146_26929ae0e8.jpg,26
data/to_upload/train_images/3243588540_b418ac7eda.jpg,26
data/to_upload/train_images/223299142_521aedf9e7.jpg,36
data/to_upload/train_images/2289068031_fe26990183.jpg,40
data/to_upload/train_images/2480327661_fb69829f57.jpg,33
data/to_upload/train_images/3315616181_15dd137e27.jpg,38
data/to_upload/train_images/2100816230_ff866fb352.jpg,32
data/to_upload/train_images/2482629385_f370b290d1.jpg,36
data/to_upload/train_images/2901074943_041aba4607.jpg,30
data/to_upload/train_images/2176980976_7054c99621.jpg,37
data/to_upload/train_images/3485425825_c2f3446e73.jpg,28
data/to_upload/train_images/1131932671_c8d17751b3.jpg,33
data/to_upload/train_images/2644430445_47c985a2ee.jpg,26
data/to_upload/train_images/539751252_2bd88c456b.jpg,28
data/to_upload/train_images/113678030_87a6a6e42e.jpg,34
data/to_upload/train_images/1897025969_0c41688fa6.jpg,31
data/to_upload/train_images/2991575785_bd4868e215.jpg,34
data/to_upload/train_images/317383917_d8bfa350b6.jpg,42
data/to_upload/train_images/3263497678_8bb688ca01.jpg,35
data/to_upload/train_images/509123893_07b8ea82a9.jpg,30
data/to_upload/train_images/115684808_cb01227802.jpg,32
data/to_upload/train_images/2288099178_41091aa00c.jpg,25
data/to_upload/train_images/3139876823_859c7d7c23.jpg,38
data/to_upload/train_images/1386964743_9e80d96b05.jpg,32
data/to_upload/train_images/256085101_2c2617c5d0.jpg,32
data/to_upload/train_images/2884420269_225d27f242.jpg,32
data/to_upload/train_images/3015863181_92ff43f4d8.jpg,35
data/to_upload/train_images/3139160252_75109e9e05.jpg,25
data/to_upload/train_images/3562050678_4196a7fff3.jpg,39
data/to_upload/train_images/3584561689_b6eb24dd70.jpg,26
data/to_upload/train_images/1547883892_e29b3db42e.jpg,31
data/to_upload/train_images/2443380641_7b38d18f5b.jpg,36
data/to_upload/train_images/2594042571_2e4666507e.jpg,37
data/to_upload/train_images/2788945468_74a9618cfa.jpg,42
data/to_upload/train_images/3116769029_f5a76f04ba.jpg,23
data/to_upload/train_images/2460797929_66446c13db.jpg,28
data/to_upload/train_images/3385246141_a263d1053e.jpg,33
data/to_upload/train_images/506367606_7cca2bba9b.jpg,33
data/to_upload/train_images/1490670858_e122df2560.jpg,25
data/to_upload/train_images/1679617928_a73c1769be.jpg,30
data/to_upload/train_images/1174525839_7c1e6cfa86.jpg,35
data/to_upload/train_images/464251704_b0f0c4c87a.jpg,37
data/to_upload/train_images/2663794355_e726ec7e05.jpg,35
data/to_upload/train_images/3025549604_38b86198f5.jpg,33
data/to_upload/train_images/493621130_152bdd4e91.jpg,36
data/to_upload/train_images/533483374_86c5d4c13e.jpg,38
data/to_upload/train_images/2197275664_fabcf3424b.jpg,33
data/to_upload/train_images/1220401002_3f44b1f3f7.jpg,36
data/to_upload/train_images/2378149488_648e5deeac.jpg,34
data/to_upload/train_images/2602258549_7401a3cdae.jpg,35
data/to_upload/train_images/254295381_d98fa049f4.jpg,36
data/to_upload/train_images/2944952557_8484f0da8f.jpg,25
data/to_upload/train_images/300550441_f44ec3701a.jpg,31
data/to_upload/train_images/3290105461_7590f23371.jpg,34
data/to_upload/train_images/3470951932_27ed74eb0b.jpg,30
data/to_upload/train_images/3484832904_08619300d9.jpg,33
data/to_upload/train_images/1224851143_33bcdd299c.jpg,41
data/to_upload/train_images/1237985362_dbafc59280.jpg,31
data/to_upload/train_images/2415803492_56a673dc25.jpg,32
data/to_upload/train_images/2693425189_47740c22ed.jpg,30
data/to_upload/train_images/244571201_0339d8e8d1.jpg,32
data/to_upload/train_images/2501595799_6316001e89.jpg,26
data/to_upload/train_images/3421789737_f625dd17ed.jpg,28
data/to_upload/train_images/3610683688_bbe6d725ed.jpg,35
data/to_upload/train_images/1298295313_db1f4c6522.jpg,34
data/to_upload/train_images/3030294889_78b2ccbe51.jpg,31
data/to_upload/train_images/1248940539_46d33ed487.jpg,34
data/to_upload/train_images/493109089_468e105233.jpg,34
data/to_upload/train_images/2225231022_1632d0a5aa.jpg,27
data/to_upload/train_images/3591458156_f1a9a33918.jpg,34
data/to_upload/train_images/3591462960_86045906bd.jpg,37
data/to_upload/train_images/370713359_7560808550.jpg,35
data/to_upload/train_images/1258913059_07c613f7ff.jpg,39
data/to_upload/train_images/300922408_05a4f9938c.jpg,34
data/to_upload/train_images/3040033126_9f4b88261b.jpg,34
data/to_upload/train_images/3181701312_70a379ab6e.jpg,30
data/to_upload/train_images/354642192_3b7666a2dd.jpg,29
data/to_upload/train_images/1348304997_afe60a61df.jpg,29
data/to_upload/train_images/2991994607_06f24ec7a6.jpg,38
data/to_upload/train_images/3053743109_a2d780c0d2.jpg,39
data/to_upload/train_images/3584534971_b44f82c4b9.jpg,34
data/to_upload/train_images/3729525173_7f984ed776.jpg,35
data/to_upload/train_images/3737539561_d1dc161040.jpg,36
data/to_upload/train_images/496110746_a93ca191ae.jpg,32
data/to_upload/train_images/1659358141_0433c9bf99.jpg,39
data/to_upload/train_images/3192069971_83c5a90b4c.jpg,23
data/to_upload/train_images/127488876_f2d2a89588.jpg,31
data/to_upload/train_images/3347666612_659e6e2207.jpg,31
data/to_upload/train_images/127490019_7c5c08cb11.jpg,31
data/to_upload/train_images/3320356356_1497e53f80.jpg,37
data/to_upload/train_images/3609645320_815c294b65.jpg,33
data/to_upload/train_images/3686924335_3c51e8834a.jpg,40
data/to_upload/train_images/2343525685_3eba3b6686.jpg,33
data/to_upload/train_images/3203453897_6317aac6ff.jpg,32
data/to_upload/train_images/416960865_048fd3f294.jpg,38
data/to_upload/train_images/2075321027_c8fcbaf581.jpg,23
data/to_upload/train_images/3187395715_f2940c2b72.jpg,35
data/to_upload/train_images/350443876_c9769f5734.jpg,27
data/to_upload/train_images/3569406219_f37ebf7b92.jpg,38
data/to_upload/train_images/421730441_6b2267fd31.jpg,30
data/to_upload/train_images/2876993733_cb26107d18.jpg,35
data/to_upload/train_images/3167365436_c379bda282.jpg,35
data/to_upload/train_images/3494394662_3edfd4a34c.jpg,46
data/to_upload/train_images/3741462565_cc35966b7a.jpg,35
data/to_upload/train_images/771048251_602e5e8f45.jpg,34
data/to_upload/train_images/241345811_46b5f157d4.jpg,37
data/to_upload/train_images/241346508_0b3907a95b.jpg,39
data/to_upload/train_images/2894217628_f1a4153dca.jpg,35
data/to_upload/train_images/3498997518_c2b16f0a0e.jpg,28
data/to_upload/train_images/1287475186_2dee85f1a5.jpg,33
data/to_upload/train_images/506738508_327efdf9c3.jpg,28
data/to_upload/train_images/241345844_69e1c22464.jpg,33
data/to_upload/train_images/197107117_4b438b1872.jpg,37
data/to_upload/train_images/3246991821_750a3097e2.jpg,32
data/to_upload/train_images/1329832826_432538d331.jpg,38
data/to_upload/train_images/2207244634_1db1a1890b.jpg,36
data/to_upload/train_images/2472980433_210ec62874.jpg,30
data/to_upload/train_images/3301811927_a2797339e5.jpg,32
data/to_upload/train_images/2607462776_78e639d891.jpg,28
data/to_upload/train_images/909191414_1cf5d85821.jpg,31
data/to_upload/train_images/1417031097_ab656bc4bd.jpg,27
data/to_upload/train_images/2054869561_ff723e9eab.jpg,32
data/to_upload/train_images/2167644298_100ca79f54.jpg,34
data/to_upload/train_images/2310126952_7dc86d88f6.jpg,40
data/to_upload/train_images/2431832075_00aa1a4457.jpg,32
data/to_upload/train_images/3541474181_489f19fae7.jpg,34
data/to_upload/train_images/3462454965_a481809cea.jpg,32
data/to_upload/train_images/136644343_0e2b423829.jpg,16
data/to_upload/train_images/2844641033_dab3715a99.jpg,33
data/to_upload/train_images/3537400880_8f410d747d.jpg,30
data/to_upload/train_images/2735558076_0d7bbc18fc.jpg,32
data/to_upload/train_images/3281078518_630a7a7f4f.jpg,29
data/to_upload/train_images/3432550415_e7b77232de.jpg,34
data/to_upload/train_images/514990193_2d2422af2c.jpg,29
data/to_upload/train_images/534875358_6ea30d3091.jpg,30
data/to_upload/train_images/1626754053_81126b67b6.jpg,36
data/to_upload/train_images/2101457132_69c950bc45.jpg,35
data/to_upload/train_images/3159995270_17334ccb5b.jpg,40
data/to_upload/train_images/384577800_fc325af410.jpg,32
data/to_upload/train_images/138718600_f430ebca17.jpg,30
data/to_upload/train_images/968081289_cdba83ce2e.jpg,30
data/to_upload/train_images/1387785218_cee67735f5.jpg,32
data/to_upload/train_images/1772859261_236c09b861.jpg,31
data/to_upload/train_images/2484190118_e89363c465.jpg,33
data/to_upload/train_images/2815256108_fc1302117d.jpg,30
data/to_upload/train_images/86412576_c53392ef80.jpg,26
data/to_upload/train_images/1389264266_8170bc1c54.jpg,33
data/to_upload/train_images/1394368714_3bc7c19969.jpg,31
data/to_upload/train_images/2229179070_dc8ea8582e.jpg,33
data/to_upload/train_images/2351479551_e8820a1ff3.jpg,33
data/to_upload/train_images/2944836001_b38b516286.jpg,33
data/to_upload/train_images/3589895574_ee08207d26.jpg,28
data/to_upload/train_images/533713007_bf9f3e25b4.jpg,29
data/to_upload/train_images/2759860913_f75b39d783.jpg,25
data/to_upload/train_images/2926233397_71e617f3a3.jpg,37
data/to_upload/train_images/197504190_fd1fc3d4b7.jpg,35
data/to_upload/train_images/2345984157_724823b1e4.jpg,31
data/to_upload/train_images/245895500_a4eb97af02.jpg,35
data/to_upload/train_images/2480850054_de3433b54a.jpg,35
data/to_upload/train_images/929679367_ff8c7df2ee.jpg,44
data/to_upload/train_images/463978865_c87c6ca84c.jpg,35
data/to_upload/train_images/1404832008_68e432665b.jpg,33
data/to_upload/train_images/2124040721_bffc0a091a.jpg,30
data/to_upload/train_images/2854207034_1f00555703.jpg,37
data/to_upload/train_images/3503623999_bbd5dcfb18.jpg,33
data/to_upload/train_images/3349451628_4249a21c8f.jpg,39
data/to_upload/train_images/226607225_44d696db6b.jpg,37
data/to_upload/train_images/2333288869_8c01e4c859.jpg,35
data/to_upload/train_images/3185409663_95f6b958d8.jpg,33
data/to_upload/train_images/3270691950_88583c3524.jpg,34
data/to_upload/train_images/448658518_eec0b648a6.jpg,27
data/to_upload/train_images/53043785_c468d6f931.jpg,37
data/to_upload/train_images/54501196_a9ac9d66f2.jpg,36
data/to_upload/train_images/1427391496_ea512cbe7f.jpg,24
data/to_upload/train_images/3211556865_d1d9becf69.jpg,41
data/to_upload/train_images/410453140_5401bf659a.jpg,34
data/to_upload/train_images/1432179046_8e3d75cf81.jpg,37
data/to_upload/train_images/3427118504_93126c83e0.jpg,42
data/to_upload/train_images/488356951_b3b77ad832.jpg,36
data/to_upload/train_images/1433142189_cda8652603.jpg,36
data/to_upload/train_images/3569979711_6507841268.jpg,44
data/to_upload/train_images/3694991841_141804da1f.jpg,30
data/to_upload/train_images/143688283_a96ded20f1.jpg,35
data/to_upload/train_images/3361990489_92244a58ef.jpg,30
data/to_upload/train_images/180506881_de0f59770f.jpg,34
data/to_upload/train_images/219301555_17883a51bd.jpg,24
data/to_upload/train_images/3179336562_c3d0c0a3bd.jpg,30
data/to_upload/train_images/3655964639_21e76383d0.jpg,30
data/to_upload/train_images/1446053356_a924b4893f.jpg,31
data/to_upload/train_images/2089426086_7acc98a3a8.jpg,33
data/to_upload/train_images/2526041608_a9775ab8d7.jpg,28
data/to_upload/train_images/3017521547_f5ef8848e3.jpg,24
data/to_upload/train_images/3109704348_c6416244ce.jpg,31
data/to_upload/train_images/3232470286_903a61ea16.jpg,34
data/to_upload/train_images/3578914491_36019ba703.jpg,34
data/to_upload/train_images/3254817653_632e840423.jpg,30
data/to_upload/train_images/3725202807_12fbfdd207.jpg,32
data/to_upload/train_images/3745451546_fc8ec70cbd.jpg,40
data/to_upload/train_images/791338571_7f38510bf7.jpg,30
data/to_upload/train_images/150387174_24825cf871.jpg,33
data/to_upload/train_images/2228022180_9597b2a458.jpg,35
data/to_upload/train_images/1509786421_f03158adfc.jpg,29
data/to_upload/train_images/3642220260_3aa8a52670.jpg,31
data/to_upload/train_images/3655074079_7df3812bc5.jpg,28
data/to_upload/train_images/468608014_09fd20eb9b.jpg,30
data/to_upload/train_images/1536774449_e16b1b6382.jpg,29
data/to_upload/train_images/535830521_aa971319fc.jpg,32
data/to_upload/train_images/2162564553_96de62c7e6.jpg,34
data/to_upload/train_images/2707873672_15e6b5d54b.jpg,27
data/to_upload/train_images/3701291852_373ea46bb6.jpg,35
data/to_upload/train_images/1554713437_61b64527dd.jpg,35
data/to_upload/train_images/2657484284_daa07a3a1b.jpg,36
data/to_upload/train_images/3191135894_2b4bdabb6d.jpg,35
data/to_upload/train_images/224369028_b1ac40d1fa.jpg,40
data/to_upload/train_images/3539767254_c598b8e6c7.jpg,38
data/to_upload/train_images/160792599_6a7ec52516.jpg,42
data/to_upload/train_images/2189995738_352607a63b.jpg,36
data/to_upload/train_images/3767841911_6678052eb6.jpg,37
data/to_upload/train_images/2436081047_bca044c1d3.jpg,34
data/to_upload/train_images/247704641_d883902277.jpg,30
data/to_upload/train_images/2280525192_81911f2b00.jpg,34
data/to_upload/train_images/270724499_107481c88f.jpg,37
data/to_upload/train_images/2764178773_d63b502812.jpg,38
data/to_upload/train_images/2886411666_72d8b12ce4.jpg,36
data/to_upload/train_images/293327462_20dee0de56.jpg,33
data/to_upload/train_images/3045613316_4e88862836.jpg,38
data/to_upload/train_images/3592992234_6d3fe58a70.jpg,34
data/to_upload/train_images/3670907052_c827593564.jpg,32
data/to_upload/train_images/2839038702_e168128665.jpg,33
data/to_upload/train_images/3359551687_68f2f0212a.jpg,26
data/to_upload/train_images/2317714088_bcd081f926.jpg,32
data/to_upload/train_images/2120383553_5825333a3f.jpg,36
data/to_upload/train_images/2909875716_25c8652614.jpg,31
data/to_upload/train_images/461505235_590102a5bf.jpg,36
data/to_upload/train_images/2981702521_2459f2c1c4.jpg,27
data/to_upload/train_images/400851260_5911898657.jpg,35
data/to_upload/train_images/1714316707_8bbaa2a2ba.jpg,39
data/to_upload/train_images/566397227_a469e9e415.jpg,38
data/to_upload/train_images/2704934519_457dc38986.jpg,34
data/to_upload/train_images/3047264346_e24601bfbf.jpg,31
data/to_upload/train_images/172097782_f0844ec317.jpg,29
data/to_upload/train_images/2183227136_8bb657846b.jpg,30
data/to_upload/train_images/1764955991_5e53a28c87.jpg,31
data/to_upload/train_images/3110649716_c17e14670e.jpg,35
data/to_upload/train_images/3316725440_9ccd9b5417.jpg,34
data/to_upload/train_images/3353036763_4cbeba03b2.jpg,27
data/to_upload/train_images/3506560025_8d0f4f9ac4.jpg,35
data/to_upload/train_images/3530843182_35af2c821c.jpg,31
data/to_upload/train_images/1765164972_92dac06fa9.jpg,34
data/to_upload/train_images/2994179598_a45c2732b5.jpg,36
data/to_upload/train_images/3365783912_e12c3510d8.jpg,43
data/to_upload/train_images/3323988406_e3c8fce690.jpg,32
data/to_upload/train_images/373394550_1b2296b8c4.jpg,32
data/to_upload/train_images/189721896_1ffe76d89e.jpg,40
data/to_upload/train_images/2470486377_c3a39ccb7b.jpg,35
data/to_upload/train_images/3155390408_8e1a81efb2.jpg,35
data/to_upload/train_images/3453259666_9ecaa8bb4b.jpg,36
data/to_upload/train_images/3239021459_a6b71bb400.jpg,38
data/to_upload/train_images/452419961_6d42ab7000.jpg,33
data/to_upload/train_images/925491651_57df3a5b36.jpg,36
data/to_upload/train_images/3119875880_22f9129a1c.jpg,25
data/to_upload/train_images/3186412658_2ab2ebd397.jpg,39
data/to_upload/train_images/2073105823_6dacade004.jpg,39
data/to_upload/train_images/2526585002_10987a63f3.jpg,25
data/to_upload/train_images/3107513635_fe8a21f148.jpg,37
data/to_upload/train_images/3471841031_a949645ba8.jpg,33
data/to_upload/train_images/2021613437_d99731f986.jpg,32
data/to_upload/train_images/2061354254_faa5bd294b.jpg,31
data/to_upload/train_images/2251747182_6b67a3ab8b.jpg,24
data/to_upload/train_images/2271755053_e1b1ec8442.jpg,37
data/to_upload/train_images/2662845514_8620aaee96.jpg,34
data/to_upload/train_images/2712787899_d85048eb6a.jpg,31
data/to_upload/train_images/494921598_af73bda568.jpg,35
data/to_upload/train_images/3472364264_dbde5a8d0a.jpg,33
data/to_upload/train_images/524105255_b346f288be.jpg,41
data/to_upload/train_images/2689001252_e0016c89f0.jpg,42
data/to_upload/train_images/2248487950_c62d0c81a9.jpg,35
data/to_upload/train_images/2782433864_5a0c311d87.jpg,36
data/to_upload/train_images/3473264983_67917a931f.jpg,34
data/to_upload/train_images/3500136982_bf7a85531e.jpg,31
data/to_upload/train_images/510531976_90bbee22a2.jpg,21
data/to_upload/train_images/2064790732_219e52e19c.jpg,28
data/to_upload/train_images/2077079696_03380d218b.jpg,33
data/to_upload/train_images/2309860995_c2e2a0feeb.jpg,31
data/to_upload/train_images/473220329_819a913bbb.jpg,32
data/to_upload/train_images/241345905_5826a72da1.jpg,31
data/to_upload/train_images/2891617125_f939f604c7.jpg,37
data/to_upload/train_images/3477715432_79d82487bb.jpg,28
data/to_upload/train_images/3708177171_529bb4ff1d.jpg,39
data/to_upload/train_images/2966552760_e65b22cd26.jpg,25
data/to_upload/train_images/2096771662_984441d20d.jpg,34
data/to_upload/train_images/2306674172_dc07c7f847.jpg,41
data/to_upload/train_images/2339106348_2df90aa6a9.jpg,24
data/to_upload/train_images/2595186208_9b16fa0ee3.jpg,27
data/to_upload/train_images/2603792708_18a97bac97.jpg,31
data/to_upload/train_images/293881927_ac62900fd4.jpg,35
data/to_upload/train_images/3456362961_d8f7e347a8.jpg,29
data/to_upload/train_images/3692892751_f6574e2700.jpg,40
data/to_upload/train_images/532457586_bddfc5251d.jpg,33
data/to_upload/train_images/245252561_4f20f1c89e.jpg,38
data/to_upload/train_images/2505988632_9541f15583.jpg,34
data/to_upload/train_images/751109943_2a7f8e117f.jpg,35
data/to_upload/train_images/2542662402_d781dd7f7c.jpg,33
data/to_upload/train_images/2553550034_5901aa9d6c.jpg,30
data/to_upload/train_images/3363750526_efcedc47a9.jpg,36
data/to_upload/train_images/215214751_e913b6ff09.jpg,34
data/to_upload/train_images/3364861247_d590fa170d.jpg,22
data/to_upload/train_images/2160266952_a2ab39191b.jpg,31
data/to_upload/train_images/3484649669_7bfe62080b.jpg,33
data/to_upload/train_images/3716244806_97d5a1fb61.jpg,31
data/to_upload/train_images/2435685480_a79d42e564.jpg,34
data/to_upload/train_images/3482062809_3b694322c4.jpg,34
data/to_upload/train_images/2414397449_2ac3b78e0d.jpg,38
data/to_upload/train_images/2182488373_df73c7cc09.jpg,36
data/to_upload/train_images/2194286203_5dc620006a.jpg,43
data/to_upload/train_images/2196107384_361d73a170.jpg,34
data/to_upload/train_images/2238019823_79318d1f11.jpg,27
data/to_upload/train_images/309687244_4bdf3b591f.jpg,33
data/to_upload/train_images/3639967449_137f48b43d.jpg,33
data/to_upload/train_images/2729655904_1dd01922fb.jpg,36
data/to_upload/train_images/439037721_cdf1fc7358.jpg,40
data/to_upload/train_images/2206960564_325ed0c7ae.jpg,31
data/to_upload/train_images/3427233064_6af01bfc5c.jpg,35
data/to_upload/train_images/3003691049_f4363c2d5c.jpg,27
data/to_upload/train_images/3234115903_f4dfc8fc75.jpg,34
data/to_upload/train_images/3245070961_8977fdd548.jpg,24
data/to_upload/train_images/3301859683_2d5e4b40a3.jpg,39
data/to_upload/train_images/2208067635_39a03834ca.jpg,38
data/to_upload/train_images/3344233740_c010378da7.jpg,33
data/to_upload/train_images/747921928_48eb02aab2.jpg,32
data/to_upload/train_images/2218609886_892dcd6915.jpg,39
data/to_upload/train_images/2696866120_254a0345bc.jpg,32
data/to_upload/train_images/3080056515_3013830309.jpg,36
data/to_upload/train_images/758921886_55a351dd67.jpg,30
data/to_upload/train_images/2991994415_504d1c0a03.jpg,32
data/to_upload/train_images/3108197858_441ff38565.jpg,34
data/to_upload/train_images/2247889670_413db8094b.jpg,34
data/to_upload/train_images/2968182121_b3b491df85.jpg,35
data/to_upload/train_images/583174725_6b522b621f.jpg,40
data/to_upload/train_images/2283966256_70317e1759.jpg,32
data/to_upload/train_images/3692593096_fbaea67476.jpg,42
data/to_upload/train_images/2285570521_05015cbf4b.jpg,30
data/to_upload/train_images/2559503010_84f20b3bc9.jpg,27
data/to_upload/train_images/324208502_674488bcea.jpg,36
data/to_upload/train_images/415793623_6c1225ae27.jpg,35
data/to_upload/train_images/2292406847_f366350600.jpg,34
data/to_upload/train_images/2806710650_e201acd913.jpg,34
data/to_upload/train_images/229862312_1a0ba19dab.jpg,31
data/to_upload/train_images/3397220683_4aca010f86.jpg,38
data/to_upload/train_images/405615014_03be7ef618.jpg,27
data/to_upload/train_images/2301525531_edde12d673.jpg,31
data/to_upload/train_images/2308271254_27fb466eb4.jpg,34
data/to_upload/train_images/2748729903_3c7c920c4d.jpg,32
data/to_upload/train_images/3498327617_d2e3db3ee3.jpg,37
data/to_upload/train_images/2308978137_bfe776d541.jpg,35
data/to_upload/train_images/3458559770_12cf9f134e.jpg,35
data/to_upload/train_images/3619416477_9d18580a14.jpg,29
data/to_upload/train_images/2358554995_54ed3baa83.jpg,29
data/to_upload/train_images/2922222717_12195af92d.jpg,35
data/to_upload/train_images/3411393875_a9ff73c67a.jpg,25
data/to_upload/train_images/2521770311_3086ca90de.jpg,27
data/to_upload/train_images/3347798761_5c5260b000.jpg,35
data/to_upload/train_images/2985679744_75a7102aab.jpg,35
data/to_upload/train_images/2883099128_0b056eed9e.jpg,39
data/to_upload/train_images/2475162978_2c51048dca.jpg,34
data/to_upload/train_images/2479652566_8f9fac8af5.jpg,40
data/to_upload/train_images/3339140382_2e49bc324a.jpg,41
data/to_upload/train_images/3582742297_1daa29968e.jpg,36
data/to_upload/train_images/3332467180_d72f9b067d.jpg,40
data/to_upload/train_images/3514179514_cbc3371b92.jpg,37
data/to_upload/train_images/524282699_71e678a6bd.jpg,37
data/to_upload/train_images/2544426580_317b1f1f73.jpg,34
data/to_upload/train_images/3099923914_fd450f6d51.jpg,30
data/to_upload/train_images/3554634863_5f6f616639.jpg,30
data/to_upload/train_images/2575647360_f5de38c751.jpg,31
data/to_upload/train_images/359837950_9e22ffe6c2.jpg,36
data/to_upload/train_images/3502343542_f9b46688e5.jpg,38
data/to_upload/train_images/2589241160_3832440850.jpg,32
data/to_upload/train_images/909808296_23c427022d.jpg,35
data/to_upload/train_images/2594902417_f65d8866a8.jpg,38
data/to_upload/train_images/3696698390_989f1488e7.jpg,30
data/to_upload/train_images/2610447973_89227ff978.jpg,33
data/to_upload/train_images/3572267708_9d8a81d4a4.jpg,33
data/to_upload/train_images/2666205903_8d287669e1.jpg,25
data/to_upload/train_images/523985664_c866af4850.jpg,29
data/to_upload/train_images/317109978_cb557802e1.jpg,34
data/to_upload/train_images/2683963310_20dcd5e566.jpg,29
data/to_upload/train_images/3141293960_74459f0a24.jpg,35
data/to_upload/train_images/3544793763_b38546a5e8.jpg,47
data/to_upload/train_images/2813033949_e19fa08805.jpg,28
data/to_upload/train_images/3072114570_e1c0127529.jpg,39
data/to_upload/train_images/468310111_d9396abcbd.jpg,34
data/to_upload/train_images/308487515_7852928f90.jpg,36
data/to_upload/train_images/3333921867_6cc7d7c73d.jpg,35
data/to_upload/train_images/401079494_562454c4d6.jpg,37
data/to_upload/train_images/486917990_72bd4069af.jpg,38
data/to_upload/train_images/2924259848_effb4dcb82.jpg,33
data/to_upload/train_images/3558370311_5734a15890.jpg,31
data/to_upload/train_images/3200120942_59cfbb3437.jpg,41
data/to_upload/train_images/3006093003_c211737232.jpg,40
data/to_upload/train_images/3187492926_8aa85f80c6.jpg,35
data/to_upload/train_images/3106026005_473a7b1c8c.jpg,39
data/to_upload/train_images/745880539_cd3f948837.jpg,34
data/to_upload/train_images/3155987659_b9ea318dd3.jpg,32
data/to_upload/train_images/3375991133_87d7c40925.jpg,33
data/to_upload/train_images/3162045919_c2decbb69b.jpg,33
data/to_upload/train_images/3201427741_3033f5b625.jpg,35
data/to_upload/train_images/3601843201_4809e66909.jpg,42
data/to_upload/train_images/3565598162_56044bc2f7.jpg,29
data/to_upload/train_images/3258874419_23fec1bdc1.jpg,37
data/to_upload/train_images/3287549827_04dec6fb6e.jpg,36
data/to_upload/train_images/3516825206_5750824874.jpg,40
data/to_upload/train_images/485245061_5a5de43e20.jpg,33
data/to_upload/train_images/3393343330_b13df4d8ec.jpg,29
data/to_upload/train_images/3467219837_7d62213dec.jpg,35
data/to_upload/train_images/3567061016_62768dcce1.jpg,35
data/to_upload/train_images/480505313_2dc686e5db.jpg,46
data/to_upload/train_images/430173345_86388d8822.jpg,34
data/to_upload/train_images/757046028_ff5999f91b.jpg,30
